Experiment,Vertices,Edges,Density,Status,Algorithm,Time(ms),Memory(KB),Weight
V100_D0.010000,100,99,0.01,COMPLETED,Kruskal,0.0304,4,4886.22
V100_D0.010000,100,99,0.01,COMPLETED,Prim_BinaryHeap,0.008,0,4886.22
V100_D0.010000,100,99,0.01,COMPLETED,KKT,0.0618,36,4886.22
V100_D0.010000,100,99,0.01,COMPLETED,Boruvka_Parallel_2threads,1.2125,136,4886.22
V100_D0.010000,100,99,0.01,COMPLETED,Boruvka_Parallel_4threads,1.1728,8,4886.22
V100_D0.020000,100,99,0.02,COMPLETED,Kruskal,0.0091,0,4973.9
V100_D0.020000,100,99,0.02,COMPLETED,Prim_BinaryHeap,0.017,0,4973.9
V100_D0.020000,100,99,0.02,COMPLETED,KKT,0.048,20,4973.9
V100_D0.020000,100,99,0.02,COMPLETED,Boruvka_Parallel_2threads,0.7871,0,4973.9
V100_D0.020000,100,99,0.02,COMPLETED,Boruvka_Parallel_4threads,1.4079,0,4973.9
V100_D0.050000,100,247,0.05,COMPLETED,Kruskal,0.0299,4,2627.17
V100_D0.050000,100,247,0.05,COMPLETED,Prim_BinaryHeap,0.0257,0,2627.17
V100_D0.050000,100,247,0.05,COMPLETED,KKT,0.2177,36,2627.17
V100_D0.050000,100,247,0.05,COMPLETED,Boruvka_Parallel_2threads,0.9967,0,2627.17
V100_D0.050000,100,247,0.05,COMPLETED,Boruvka_Parallel_4threads,1.0049,0,2627.17
V100_D0.100000,100,495,0.1,COMPLETED,Kruskal,0.0404,8,1189.26
V100_D0.100000,100,495,0.1,COMPLETED,Prim_BinaryHeap,0.0383,0,1189.26
V100_D0.100000,100,495,0.1,COMPLETED,KKT,0.2345,12,1189.26
V100_D0.100000,100,495,0.1,COMPLETED,Boruvka_Parallel_2threads,0.4945,0,1189.26
V100_D0.100000,100,495,0.1,COMPLETED,Boruvka_Parallel_4threads,0.8243,4,1189.26
V100_D0.200000,100,990,0.2,COMPLETED,Kruskal,0.0652,16,699.121
V100_D0.200000,100,990,0.2,COMPLETED,Prim_BinaryHeap,0.0386,0,699.121
V100_D0.200000,100,990,0.2,COMPLETED,KKT,0.3488,52,699.121
V100_D0.200000,100,990,0.2,COMPLETED,Boruvka_Parallel_2threads,0.703,0,699.121
V100_D0.200000,100,990,0.2,COMPLETED,Boruvka_Parallel_4threads,0.6352,0,699.121
V100_D0.500000,100,2475,0.5,COMPLETED,Kruskal,0.1438,40,308.063
V100_D0.500000,100,2475,0.5,COMPLETED,Prim_BinaryHeap,0.0569,0,308.063
V100_D0.500000,100,2475,0.5,COMPLETED,KKT,0.5902,64,308.063
V100_D0.500000,100,2475,0.5,COMPLETED,Boruvka_Parallel_2threads,0.6464,0,308.063
V100_D0.500000,100,2475,0.5,COMPLETED,Boruvka_Parallel_4threads,1.4139,0,308.063
V100_D1.000000,100,99,1,COMPLETED,Kruskal,0.0137,0,5224.45
V100_D1.000000,100,99,1,COMPLETED,Prim_BinaryHeap,0.0114,0,5224.45
V100_D1.000000,100,99,1,COMPLETED,KKT,0.0525,0,5224.45
V100_D1.000000,100,99,1,COMPLETED,Boruvka_Parallel_2threads,1.0997,0,5224.45
V100_D1.000000,100,99,1,COMPLETED,Boruvka_Parallel_4threads,1.5001,0,5224.45
V100_D2.000000,100,100,2,COMPLETED,Kruskal,0.0133,0,5110.24
V100_D2.000000,100,100,2,COMPLETED,Prim_BinaryHeap,0.0119,0,5110.24
V100_D2.000000,100,100,2,COMPLETED,KKT,0.0528,4,5110.24
V100_D2.000000,100,100,2,COMPLETED,Boruvka_Parallel_2threads,0.9807,0,5110.24
V100_D2.000000,100,100,2,COMPLETED,Boruvka_Parallel_4threads,0.9917,0,5110.24
V100_D5.000000,100,250,5,COMPLETED,Kruskal,0.0212,8,2285.27
V100_D5.000000,100,250,5,COMPLETED,Prim_BinaryHeap,0.0239,0,2285.27
V100_D5.000000,100,250,5,COMPLETED,KKT,0.1382,20,2285.27
V100_D5.000000,100,250,5,COMPLETED,Boruvka_Parallel_2threads,0.7807,0,2285.27
V100_D5.000000,100,250,5,COMPLETED,Boruvka_Parallel_4threads,0.8519,0,2285.27
V100_D10.000000,100,500,10,COMPLETED,Kruskal,0.0299,0,1215.42
V100_D10.000000,100,500,10,COMPLETED,Prim_BinaryHeap,0.0356,0,1215.42
V100_D10.000000,100,500,10,COMPLETED,KKT,0.2177,20,1215.42
V100_D10.000000,100,500,10,COMPLETED,Boruvka_Parallel_2threads,0.4502,0,1215.42
V100_D10.000000,100,500,10,COMPLETED,Boruvka_Parallel_4threads,0.8525,0,1215.42
V100_D20.000000,100,1000,20,COMPLETED,Kruskal,0.0601,16,718.981
V100_D20.000000,100,1000,20,COMPLETED,Prim_BinaryHeap,0.0383,0,718.981
V100_D20.000000,100,1000,20,COMPLETED,KKT,0.3083,44,718.981
V100_D20.000000,100,1000,20,COMPLETED,Boruvka_Parallel_2threads,0.602,0,718.981
V100_D20.000000,100,1000,20,COMPLETED,Boruvka_Parallel_4threads,0.7964,4,718.981
V200_D0.010000,200,199,0.01,COMPLETED,Kruskal,0.0164,0,10332.8
V200_D0.010000,200,199,0.01,COMPLETED,Prim_BinaryHeap,0.0052,0,10332.8
V200_D0.010000,200,199,0.01,COMPLETED,KKT,0.0972,40,10332.8
V200_D0.010000,200,199,0.01,COMPLETED,Boruvka_Parallel_2threads,0.6943,0,10332.8
V200_D0.010000,200,199,0.01,COMPLETED,Boruvka_Parallel_4threads,1.0162,0,10332.8
V200_D0.020000,200,398,0.02,COMPLETED,Kruskal,0.033,8,6033.95
V200_D0.020000,200,398,0.02,COMPLETED,Prim_BinaryHeap,0.0328,0,6033.95
V200_D0.020000,200,398,0.02,COMPLETED,KKT,0.1809,76,6033.95
V200_D0.020000,200,398,0.02,COMPLETED,Boruvka_Parallel_2threads,0.8564,20,6033.95
V200_D0.020000,200,398,0.02,COMPLETED,Boruvka_Parallel_4threads,0.8157,4,6033.95
V200_D0.050000,200,995,0.05,COMPLETED,Kruskal,0.0697,12,2451.13
V200_D0.050000,200,995,0.05,COMPLETED,Prim_BinaryHeap,0.0544,0,2451.13
V200_D0.050000,200,995,0.05,COMPLETED,KKT,0.49,76,2451.13
V200_D0.050000,200,995,0.05,COMPLETED,Boruvka_Parallel_2threads,0.6034,4,2451.13
V200_D0.050000,200,995,0.05,COMPLETED,Boruvka_Parallel_4threads,1.7821,0,2451.13
V200_D0.100000,200,1990,0.1,COMPLETED,Kruskal,0.1159,32,1326.68
V200_D0.100000,200,1990,0.1,COMPLETED,Prim_BinaryHeap,0.073,0,1326.68
V200_D0.100000,200,1990,0.1,COMPLETED,KKT,0.7345,16,1326.68
V200_D0.100000,200,1990,0.1,COMPLETED,Boruvka_Parallel_2threads,0.4671,0,1326.68
V200_D0.100000,200,1990,0.1,COMPLETED,Boruvka_Parallel_4threads,0.7845,0,1326.68
V200_D0.200000,200,3980,0.2,COMPLETED,Kruskal,0.2506,92,777.237
V200_D0.200000,200,3980,0.2,COMPLETED,Prim_BinaryHeap,0.1079,0,777.237
V200_D0.200000,200,3980,0.2,COMPLETED,KKT,1.2197,76,777.237
V200_D0.200000,200,3980,0.2,COMPLETED,Boruvka_Parallel_2threads,0.5847,0,777.237
V200_D0.200000,200,3980,0.2,COMPLETED,Boruvka_Parallel_4threads,0.7798,0,777.237
V200_D0.500000,200,9950,0.5,COMPLETED,Kruskal,0.6367,156,431.027
V200_D0.500000,200,9950,0.5,COMPLETED,Prim_BinaryHeap,0.1737,0,431.027
V200_D0.500000,200,9950,0.5,COMPLETED,KKT,2.2887,272,431.027
V200_D0.500000,200,9950,0.5,COMPLETED,Boruvka_Parallel_2threads,1.3847,16,431.027
V200_D0.500000,200,9950,0.5,COMPLETED,Boruvka_Parallel_4threads,1.5915,12,431.027
V200_D1.000000,200,199,1,COMPLETED,Kruskal,0.0172,0,9637.62
V200_D1.000000,200,199,1,COMPLETED,Prim_BinaryHeap,0.016,0,9637.62
V200_D1.000000,200,199,1,COMPLETED,KKT,0.095,20,9637.62
V200_D1.000000,200,199,1,COMPLETED,Boruvka_Parallel_2threads,0.6572,0,9637.62
V200_D1.000000,200,199,1,COMPLETED,Boruvka_Parallel_4threads,1.0015,0,9637.62
V200_D2.000000,200,200,2,COMPLETED,Kruskal,0.0149,0,9387.14
V200_D2.000000,200,200,2,COMPLETED,Prim_BinaryHeap,0.0163,0,9387.14
V200_D2.000000,200,200,2,COMPLETED,KKT,0.095,4,9387.14
V200_D2.000000,200,200,2,COMPLETED,Boruvka_Parallel_2threads,0.4707,0,9387.14
V200_D2.000000,200,200,2,COMPLETED,Boruvka_Parallel_4threads,0.8266,0,9387.14
V200_D5.000000,200,500,5,COMPLETED,Kruskal,0.038,0,4864.86
V200_D5.000000,200,500,5,COMPLETED,Prim_BinaryHeap,0.0494,16,4864.86
V200_D5.000000,200,500,5,COMPLETED,KKT,0.3631,56,4864.86
V200_D5.000000,200,500,5,COMPLETED,Boruvka_Parallel_2threads,0.6232,20,4864.86
V200_D5.000000,200,500,5,COMPLETED,Boruvka_Parallel_4threads,0.9709,0,4864.86
V200_D10.000000,200,1000,10,COMPLETED,Kruskal,0.0688,16,2490.62
V200_D10.000000,200,1000,10,COMPLETED,Prim_BinaryHeap,0.0613,0,2490.62
V200_D10.000000,200,1000,10,COMPLETED,KKT,0.5769,80,2490.62
V200_D10.000000,200,1000,10,COMPLETED,Boruvka_Parallel_2threads,0.6167,4,2490.62
V200_D10.000000,200,1000,10,COMPLETED,Boruvka_Parallel_4threads,0.6346,0,2490.62
V200_D20.000000,200,2000,20,COMPLETED,Kruskal,0.1142,32,1306.23
V200_D20.000000,200,2000,20,COMPLETED,Prim_BinaryHeap,0.0774,0,1306.23
V200_D20.000000,200,2000,20,COMPLETED,KKT,0.8255,18446744073709551588,1306.23
V200_D20.000000,200,2000,20,COMPLETED,Boruvka_Parallel_2threads,0.5208,8,1306.23
V200_D20.000000,200,2000,20,COMPLETED,Boruvka_Parallel_4threads,0.6218,0,1306.23
V500_D0.010000,500,1247,0.01,COMPLETED,Kruskal,0.1015,0,11758.5
V500_D0.010000,500,1247,0.01,COMPLETED,Prim_BinaryHeap,0.0957,0,11758.5
V500_D0.010000,500,1247,0.01,COMPLETED,KKT,0.9317,88,11758.5
V500_D0.010000,500,1247,0.01,COMPLETED,Boruvka_Parallel_2threads,0.887,12,11758.5
V500_D0.010000,500,1247,0.01,COMPLETED,Boruvka_Parallel_4threads,1.1283,0,11758.5
V500_D0.020000,500,2495,0.02,COMPLETED,Kruskal,0.1523,0,6239.46
V500_D0.020000,500,2495,0.02,COMPLETED,Prim_BinaryHeap,0.1376,0,6239.46
V500_D0.020000,500,2495,0.02,COMPLETED,KKT,1.483,116,6239.46
V500_D0.020000,500,2495,0.02,COMPLETED,Boruvka_Parallel_2threads,0.7552,8,6239.46
V500_D0.020000,500,2495,0.02,COMPLETED,Boruvka_Parallel_4threads,0.9156,0,6239.46
V500_D0.050000,500,6237,0.05,COMPLETED,Kruskal,0.3978,96,2893.44
V500_D0.050000,500,6237,0.05,COMPLETED,Prim_BinaryHeap,0.2176,16,2893.44
V500_D0.050000,500,6237,0.05,COMPLETED,KKT,3.8715,332,2893.44
V500_D0.050000,500,6237,0.05,COMPLETED,Boruvka_Parallel_2threads,1.1196,8,2893.44
V500_D0.050000,500,6237,0.05,COMPLETED,Boruvka_Parallel_4threads,1.0803,16,2893.44
V500_D0.100000,500,12475,0.1,COMPLETED,Kruskal,0.7878,32,1661.81
V500_D0.100000,500,12475,0.1,COMPLETED,Prim_BinaryHeap,0.3088,24,1661.81
V500_D0.100000,500,12475,0.1,COMPLETED,KKT,5.8463,520,1661.81
V500_D0.100000,500,12475,0.1,COMPLETED,Boruvka_Parallel_2threads,1.5481,20,1661.81
V500_D0.100000,500,12475,0.1,COMPLETED,Boruvka_Parallel_4threads,1.3088,0,1661.81
V500_D0.200000,500,24950,0.2,COMPLETED,Kruskal,1.5213,60,1048.6
V500_D0.200000,500,24950,0.2,COMPLETED,Prim_BinaryHeap,0.451,24,1048.6
V500_D0.200000,500,24950,0.2,COMPLETED,KKT,9.3148,280,1048.6
V500_D0.200000,500,24950,0.2,COMPLETED,Boruvka_Parallel_2threads,2.9913,64,1048.6
V500_D0.200000,500,24950,0.2,COMPLETED,Boruvka_Parallel_4threads,2.4545,0,1048.6
V500_D0.500000,500,62375,0.5,COMPLETED,Kruskal,4.1678,976,739.765
V500_D0.500000,500,62375,0.5,COMPLETED,Prim_BinaryHeap,0.81,64,739.765
V500_D0.500000,500,62375,0.5,COMPLETED,KKT,20.5847,1244,739.765
V500_D0.500000,500,62375,0.5,COMPLETED,Boruvka_Parallel_2threads,5.4915,8,739.765
V500_D0.500000,500,62375,0.5,COMPLETED,Boruvka_Parallel_4threads,5.1733,0,739.765
V500_D1.000000,500,499,1,COMPLETED,Kruskal,0.0307,0,25317.9
V500_D1.000000,500,499,1,COMPLETED,Prim_BinaryHeap,0.0411,0,25317.9
V500_D1.000000,500,499,1,COMPLETED,KKT,0.2806,36,25317.9
V500_D1.000000,500,499,1,COMPLETED,Boruvka_Parallel_2threads,0.9049,0,25317.9
V500_D1.000000,500,499,1,COMPLETED,Boruvka_Parallel_4threads,1.3884,0,25317.9
V500_D2.000000,500,500,2,COMPLETED,Kruskal,0.0363,0,25780.7
V500_D2.000000,500,500,2,COMPLETED,Prim_BinaryHeap,0.035,0,25780.7
V500_D2.000000,500,500,2,COMPLETED,KKT,0.2286,28,25780.7
V500_D2.000000,500,500,2,COMPLETED,Boruvka_Parallel_2threads,0.6784,0,25780.7
V500_D2.000000,500,500,2,COMPLETED,Boruvka_Parallel_4threads,1.008,0,25780.7
V500_D5.000000,500,1250,5,COMPLETED,Kruskal,0.0804,16,11796.5
V500_D5.000000,500,1250,5,COMPLETED,Prim_BinaryHeap,0.0898,0,11796.5
V500_D5.000000,500,1250,5,COMPLETED,KKT,0.8636,136,11796.5
V500_D5.000000,500,1250,5,COMPLETED,Boruvka_Parallel_2threads,0.6727,8,11796.5
V500_D5.000000,500,1250,5,COMPLETED,Boruvka_Parallel_4threads,1.1041,0,11796.5
V500_D10.000000,500,2500,10,COMPLETED,Kruskal,0.1369,0,6413.35
V500_D10.000000,500,2500,10,COMPLETED,Prim_BinaryHeap,0.131,0,6413.35
V500_D10.000000,500,2500,10,COMPLETED,KKT,1.3913,24,6413.35
V500_D10.000000,500,2500,10,COMPLETED,Boruvka_Parallel_2threads,0.827,4,6413.35
V500_D10.000000,500,2500,10,COMPLETED,Boruvka_Parallel_4threads,1.3711,0,6413.35
V500_D20.000000,500,5000,20,COMPLETED,Kruskal,0.3056,80,3653.78
V500_D20.000000,500,5000,20,COMPLETED,Prim_BinaryHeap,0.2046,4,3653.78
V500_D20.000000,500,5000,20,COMPLETED,KKT,2.6442,18446744073709551488,3653.78
V500_D20.000000,500,5000,20,COMPLETED,Boruvka_Parallel_2threads,0.9208,68,3653.78
V500_D20.000000,500,5000,20,COMPLETED,Boruvka_Parallel_4threads,0.9371,0,3653.78
V1000_D0.010000,1000,4995,0.01,COMPLETED,Kruskal,0.315,0,12637.4
V1000_D0.010000,1000,4995,0.01,COMPLETED,Prim_BinaryHeap,0.2984,4,12637.4
V1000_D0.010000,1000,4995,0.01,COMPLETED,KKT,3.8084,18446744073709551548,12637.4
V1000_D0.010000,1000,4995,0.01,COMPLETED,Boruvka_Parallel_2threads,1.0406,24,12637.4
V1000_D0.010000,1000,4995,0.01,COMPLETED,Boruvka_Parallel_4threads,1.0232,0,12637.4
V1000_D0.020000,1000,9990,0.02,COMPLETED,Kruskal,0.6501,156,6993.99
V1000_D0.020000,1000,9990,0.02,COMPLETED,Prim_BinaryHeap,0.4346,0,6993.99
V1000_D0.020000,1000,9990,0.02,COMPLETED,KKT,6.0466,18446744073709551276,6993.99
V1000_D0.020000,1000,9990,0.02,COMPLETED,Boruvka_Parallel_2threads,1.7344,20,6993.99
V1000_D0.020000,1000,9990,0.02,COMPLETED,Boruvka_Parallel_4threads,2.374,0,6993.99
V1000_D0.050000,1000,24975,0.05,COMPLETED,Kruskal,1.6791,388,3502.41
V1000_D0.050000,1000,24975,0.05,COMPLETED,Prim_BinaryHeap,0.7022,80,3502.41
V1000_D0.050000,1000,24975,0.05,COMPLETED,KKT,15.01,380,3502.41
V1000_D0.050000,1000,24975,0.05,COMPLETED,Boruvka_Parallel_2threads,3.3523,18446744073709551476,3502.41
V1000_D0.050000,1000,24975,0.05,COMPLETED,Boruvka_Parallel_4threads,2.4399,0,3502.41
V1000_D0.100000,1000,49950,0.1,COMPLETED,Kruskal,3.3624,784,2195.54
V1000_D0.100000,1000,49950,0.1,COMPLETED,Prim_BinaryHeap,0.9731,18446744073709551556,2195.54
V1000_D0.100000,1000,49950,0.1,COMPLETED,KKT,24.6399,1180,2195.54
V1000_D0.100000,1000,49950,0.1,COMPLETED,Boruvka_Parallel_2threads,3.6272,4,2195.54
V1000_D0.100000,1000,49950,0.1,COMPLETED,Boruvka_Parallel_4threads,3.9998,0,2195.54
V1000_D0.200000,1000,99900,0.2,COMPLETED,Kruskal,6.8871,1564,1597.79
V1000_D0.200000,1000,99900,0.2,COMPLETED,Prim_BinaryHeap,1.6233,128,1597.79
V1000_D0.200000,1000,99900,0.2,COMPLETED,KKT,38.3477,2608,1597.79
V1000_D0.200000,1000,99900,0.2,COMPLETED,Boruvka_Parallel_2threads,6.4841,24,1597.79
V1000_D0.200000,1000,99900,0.2,COMPLETED,Boruvka_Parallel_4threads,6.2716,0,1597.79
V1000_D0.500000,1000,249750,0.5,COMPLETED,Kruskal,17.6299,3904,1230.95
V1000_D0.500000,1000,249750,0.5,COMPLETED,Prim_BinaryHeap,2.4492,176,1230.95
V1000_D0.500000,1000,249750,0.5,COMPLETED,KKT,81.345,5352,1230.95
V1000_D0.500000,1000,249750,0.5,COMPLETED,Boruvka_Parallel_2threads,15.2101,0,1230.95
V1000_D0.500000,1000,249750,0.5,COMPLETED,Boruvka_Parallel_4threads,15.8449,0,1230.95
V1000_D1.000000,1000,999,1,COMPLETED,Kruskal,0.0689,0,49004.7
V1000_D1.000000,1000,999,1,COMPLETED,Prim_BinaryHeap,0.0699,0,49004.7
V1000_D1.000000,1000,999,1,COMPLETED,KKT,0.5768,164,49004.7
V1000_D1.000000,1000,999,1,COMPLETED,Boruvka_Parallel_2threads,0.9982,0,49004.7
V1000_D1.000000,1000,999,1,COMPLETED,Boruvka_Parallel_4threads,1.6833,0,49004.7
V1000_D2.000000,1000,1000,2,COMPLETED,Kruskal,0.0749,12,48907.1
V1000_D2.000000,1000,1000,2,COMPLETED,Prim_BinaryHeap,0.1157,18446744073709551580,48907.1
V1000_D2.000000,1000,1000,2,COMPLETED,KKT,0.5985,84,48907.1
V1000_D2.000000,1000,1000,2,COMPLETED,Boruvka_Parallel_2threads,0.8833,0,48907.1
V1000_D2.000000,1000,1000,2,COMPLETED,Boruvka_Parallel_4threads,1.349,0,48907.1
V1000_D5.000000,1000,2500,5,COMPLETED,Kruskal,0.1671,0,24645.6
V1000_D5.000000,1000,2500,5,COMPLETED,Prim_BinaryHeap,0.1984,0,24645.6
V1000_D5.000000,1000,2500,5,COMPLETED,KKT,1.9077,288,24645.6
V1000_D5.000000,1000,2500,5,COMPLETED,Boruvka_Parallel_2threads,0.9248,0,24645.6
V1000_D5.000000,1000,2500,5,COMPLETED,Boruvka_Parallel_4threads,1.2441,0,24645.6
V1000_D10.000000,1000,5000,10,COMPLETED,Kruskal,0.3198,0,12636
V1000_D10.000000,1000,5000,10,COMPLETED,Prim_BinaryHeap,0.309,0,12636
V1000_D10.000000,1000,5000,10,COMPLETED,KKT,3.8304,504,12636
V1000_D10.000000,1000,5000,10,COMPLETED,Boruvka_Parallel_2threads,1.1564,28,12636
V1000_D10.000000,1000,5000,10,COMPLETED,Boruvka_Parallel_4threads,1.1101,0,12636
V1000_D20.000000,1000,10000,20,COMPLETED,Kruskal,0.6521,156,6935.68
V1000_D20.000000,1000,10000,20,COMPLETED,Prim_BinaryHeap,0.4433,40,6935.68
V1000_D20.000000,1000,10000,20,COMPLETED,KKT,6.8952,104,6935.68
V1000_D20.000000,1000,10000,20,COMPLETED,Boruvka_Parallel_2threads,1.3856,32,6935.68
V1000_D20.000000,1000,10000,20,COMPLETED,Boruvka_Parallel_4threads,1.2511,0,6935.68
V2000_D0.010000,2000,19990,0.01,COMPLETED,Kruskal,1.3871,344,13640.7
V2000_D0.010000,2000,19990,0.01,COMPLETED,Prim_BinaryHeap,0.921,84,13640.7
V2000_D0.010000,2000,19990,0.01,COMPLETED,KKT,17.295,132,13640.7
V2000_D0.010000,2000,19990,0.01,COMPLETED,Boruvka_Parallel_2threads,2.6596,68,13640.7
V2000_D0.010000,2000,19990,0.01,COMPLETED,Boruvka_Parallel_4threads,2.1854,0,13639.5
V2000_D0.020000,2000,39980,0.02,COMPLETED,Kruskal,2.6425,652,7851.28
V2000_D0.020000,2000,39980,0.02,COMPLETED,Prim_BinaryHeap,1.2166,168,7851.28
V2000_D0.020000,2000,39980,0.02,COMPLETED,KKT,27.6829,936,7851.28
V2000_D0.020000,2000,39980,0.02,COMPLETED,Boruvka_Parallel_2threads,4.1228,64,7851.28
V2000_D0.020000,2000,39980,0.02,COMPLETED,Boruvka_Parallel_4threads,3.8685,0,7851.28
V2000_D0.050000,2000,99950,0.05,COMPLETED,Kruskal,6.6697,1596,4390.98
V2000_D0.050000,2000,99950,0.05,COMPLETED,Prim_BinaryHeap,1.776,184,4390.98
V2000_D0.050000,2000,99950,0.05,COMPLETED,KKT,54.4524,3100,4390.98
V2000_D0.050000,2000,99950,0.05,COMPLETED,Boruvka_Parallel_2threads,6.6319,56,4390.98
V2000_D0.050000,2000,99950,0.05,COMPLETED,Boruvka_Parallel_4threads,7.6501,0,4390.98
V2000_D0.100000,2000,199900,0.1,COMPLETED,Kruskal,14.4599,3156,3219.02
V2000_D0.100000,2000,199900,0.1,COMPLETED,Prim_BinaryHeap,2.9329,280,3219.02
V2000_D0.100000,2000,199900,0.1,COMPLETED,KKT,104.463,5324,3219.02
V2000_D0.100000,2000,199900,0.1,COMPLETED,Boruvka_Parallel_2threads,13.3077,48,3219.02
V2000_D0.100000,2000,199900,0.1,COMPLETED,Boruvka_Parallel_4threads,12.5445,0,3219.02
V2000_D0.200000,2000,399800,0.2,COMPLETED,Kruskal,25.7721,6284,2601.22
V2000_D0.200000,2000,399800,0.2,COMPLETED,Prim_BinaryHeap,4.8759,364,2601.22
V2000_D0.200000,2000,399800,0.2,COMPLETED,KKT,202.487,9080,2601.22
V2000_D0.200000,2000,399800,0.2,COMPLETED,Boruvka_Parallel_2threads,23.4929,40,2601.22
V2000_D0.200000,2000,399800,0.2,COMPLETED,Boruvka_Parallel_4threads,20.987,0,2601.22
V2000_D0.500000,2000,999500,0.5,COMPLETED,Kruskal,70.7247,15648,2226.92
V2000_D0.500000,2000,999500,0.5,COMPLETED,Prim_BinaryHeap,7.9164,400,2226.92
V2000_D0.500000,2000,999500,0.5,COMPLETED,KKT,458.966,25788,2226.92
V2000_D0.500000,2000,999500,0.5,COMPLETED,Boruvka_Parallel_2threads,43.8746,0,2226.92
V2000_D0.500000,2000,999500,0.5,COMPLETED,Boruvka_Parallel_4threads,35.6844,0,2226.92
V2000_D1.000000,2000,1999,1,COMPLETED,Kruskal,0.1541,48,98661.2
V2000_D1.000000,2000,1999,1,COMPLETED,Prim_BinaryHeap,0.138,8,98661.2
V2000_D1.000000,2000,1999,1,COMPLETED,KKT,1.5722,280,98661.2
V2000_D1.000000,2000,1999,1,COMPLETED,Boruvka_Parallel_2threads,1.3083,0,98661.2
V2000_D1.000000,2000,1999,1,COMPLETED,Boruvka_Parallel_4threads,1.1282,32,98661.2
V2000_D2.000000,2000,2000,2,COMPLETED,Kruskal,0.1441,0,101207
V2000_D2.000000,2000,2000,2,COMPLETED,Prim_BinaryHeap,0.1342,0,101207
V2000_D2.000000,2000,2000,2,COMPLETED,KKT,1.6057,128,101207
V2000_D2.000000,2000,2000,2,COMPLETED,Boruvka_Parallel_2threads,0.8749,0,101207
V2000_D2.000000,2000,2000,2,COMPLETED,Boruvka_Parallel_4threads,1.3886,0,101207
V2000_D5.000000,2000,5000,5,COMPLETED,Kruskal,0.3817,72,48009.2
V2000_D5.000000,2000,5000,5,COMPLETED,Prim_BinaryHeap,0.4397,32,48009.2
V2000_D5.000000,2000,5000,5,COMPLETED,KKT,4.5057,652,48009.2
V2000_D5.000000,2000,5000,5,COMPLETED,Boruvka_Parallel_2threads,1.2815,0,48009.2
V2000_D5.000000,2000,5000,5,COMPLETED,Boruvka_Parallel_4threads,1.2333,0,48009.2
V2000_D10.000000,2000,10000,10,COMPLETED,Kruskal,0.711,156,25656
V2000_D10.000000,2000,10000,10,COMPLETED,Prim_BinaryHeap,0.6368,0,25656
V2000_D10.000000,2000,10000,10,COMPLETED,KKT,8.6038,1356,25656
V2000_D10.000000,2000,10000,10,COMPLETED,Boruvka_Parallel_2threads,1.9897,0,25656
V2000_D10.000000,2000,10000,10,COMPLETED,Boruvka_Parallel_4threads,1.8933,0,25656
V2000_D20.000000,2000,20000,20,COMPLETED,Kruskal,1.3735,312,13756.2
V2000_D20.000000,2000,20000,20,COMPLETED,Prim_BinaryHeap,0.896,72,13756.2
V2000_D20.000000,2000,20000,20,COMPLETED,KKT,15.2019,2900,13756.2
V2000_D20.000000,2000,20000,20,COMPLETED,Boruvka_Parallel_2threads,3.1729,60,13756.2
V2000_D20.000000,2000,20000,20,COMPLETED,Boruvka_Parallel_4threads,2.5799,44,13756.2
V5000_D0.010000,5000,124975,0.01,COMPLETED,Kruskal,7.5998,1968,17025.7
V5000_D0.010000,5000,124975,0.01,COMPLETED,Prim_BinaryHeap,3.0364,36,17025.7
V5000_D0.010000,5000,124975,0.01,COMPLETED,KKT,131.099,2764,17025.7
V5000_D0.010000,5000,124975,0.01,COMPLETED,Boruvka_Parallel_2threads,10.2178,0,17025.7
V5000_D0.010000,5000,124975,0.01,COMPLETED,Boruvka_Parallel_4threads,6.2331,0,17026.7
V5000_D0.020000,5000,249950,0.02,COMPLETED,Kruskal,16.1009,3988,11029.3
V5000_D0.020000,5000,249950,0.02,COMPLETED,Prim_BinaryHeap,5.4472,608,11029.3
V5000_D0.020000,5000,249950,0.02,COMPLETED,KKT,238.12,9508,11029.3
V5000_D0.020000,5000,249950,0.02,COMPLETED,Boruvka_Parallel_2threads,16.1531,52,11029.3
V5000_D0.020000,5000,249950,0.02,COMPLETED,Boruvka_Parallel_4threads,14.7514,48,11029.3
V5000_D0.050000,5000,624875,0.05,COMPLETED,Kruskal,42.354,9796,7426.44
V5000_D0.050000,5000,624875,0.05,COMPLETED,Prim_BinaryHeap,8.2015,724,7426.44
V5000_D0.050000,5000,624875,0.05,COMPLETED,KKT,611.374,19744,7426.44
V5000_D0.050000,5000,624875,0.05,COMPLETED,Boruvka_Parallel_2threads,35.5266,44,7426.44
V5000_D0.050000,5000,624875,0.05,COMPLETED,Boruvka_Parallel_4threads,34.4287,0,7426.44
V5000_D0.100000,5000,1249750,0.1,COMPLETED,Kruskal,88.256,19568,6198.74
V5000_D0.100000,5000,1249750,0.1,COMPLETED,Prim_BinaryHeap,14.2085,760,6198.74
V5000_D0.100000,5000,1249750,0.1,COMPLETED,KKT,1310.44,33412,6198.74
V5000_D0.100000,5000,1249750,0.1,COMPLETED,Boruvka_Parallel_2threads,69.8615,56,6198.74
V5000_D0.100000,5000,1249750,0.1,COMPLETED,Boruvka_Parallel_4threads,52.9033,4,6198.74
V5000_D0.200000,5000,2499500,0.2,COMPLETED,Kruskal,182.165,39240,5588.8
V5000_D0.200000,5000,2499500,0.2,COMPLETED,Prim_BinaryHeap,22.4533,828,5588.8
V5000_D0.200000,5000,2499500,0.2,COMPLETED,KKT,2903.84,60240,5588.8
V5000_D0.200000,5000,2499500,0.2,COMPLETED,Boruvka_Parallel_2threads,178.837,0,5588.8
V5000_D0.200000,5000,2499500,0.2,COMPLETED,Boruvka_Parallel_4threads,139.019,0,5588.8
V5000_D0.500000,5000,6248750,0.5,COMPLETED,Kruskal,506.852,97828,5234.22
V5000_D0.500000,5000,6248750,0.5,COMPLETED,Prim_BinaryHeap,46.4148,1468,5234.22
V5000_D0.500000,5000,6248750,0.5,COMPLETED,KKT,7567.61,147348,5234.22
V5000_D0.500000,5000,6248750,0.5,COMPLETED,Boruvka_Parallel_2threads,387.524,112,5234.22
V5000_D0.500000,5000,6248750,0.5,COMPLETED,Boruvka_Parallel_4threads,278.494,0,5234.22
V5000_D1.000000,5000,4999,1,COMPLETED,Kruskal,0.4145,176,254216
V5000_D1.000000,5000,4999,1,COMPLETED,Prim_BinaryHeap,0.5677,0,254216
V5000_D1.000000,5000,4999,1,COMPLETED,KKT,8.7571,624,254216
V5000_D1.000000,5000,4999,1,COMPLETED,Boruvka_Parallel_2threads,2.5374,4,254216
V5000_D1.000000,5000,4999,1,COMPLETED,Boruvka_Parallel_4threads,3.6155,32,254216
V5000_D2.000000,5000,5000,2,COMPLETED,Kruskal,1.2023,0,251618
V5000_D2.000000,5000,5000,2,COMPLETED,Prim_BinaryHeap,0.4763,0,251618
V5000_D2.000000,5000,5000,2,COMPLETED,KKT,10.2935,140,251618
V5000_D2.000000,5000,5000,2,COMPLETED,Boruvka_Parallel_2threads,1.8137,12,251618
V5000_D2.000000,5000,5000,2,COMPLETED,Boruvka_Parallel_4threads,2.4055,0,251618
V5000_D5.000000,5000,12500,5,COMPLETED,Kruskal,1.0312,284,120323
V5000_D5.000000,5000,12500,5,COMPLETED,Prim_BinaryHeap,1.4116,12,120323
V5000_D5.000000,5000,12500,5,COMPLETED,KKT,23.364,2252,120323
V5000_D5.000000,5000,12500,5,COMPLETED,Boruvka_Parallel_2threads,4.6059,0,120344
V5000_D5.000000,5000,12500,5,COMPLETED,Boruvka_Parallel_4threads,3.1791,0,120323
V5000_D10.000000,5000,25000,10,COMPLETED,Kruskal,1.8471,464,65022.1
V5000_D10.000000,5000,25000,10,COMPLETED,Prim_BinaryHeap,1.9962,200,65022.1
V5000_D10.000000,5000,25000,10,COMPLETED,KKT,45.9464,4328,65022.1
V5000_D10.000000,5000,25000,10,COMPLETED,Boruvka_Parallel_2threads,5.6569,0,65022.1
V5000_D10.000000,5000,25000,10,COMPLETED,Boruvka_Parallel_4threads,3.9346,0,65022.1
V5000_D20.000000,5000,50000,20,COMPLETED,Kruskal,2.9679,812,33744.3
V5000_D20.000000,5000,50000,20,COMPLETED,Prim_BinaryHeap,2.1613,28,33744.3
V5000_D20.000000,5000,50000,20,COMPLETED,KKT,84.8882,4684,33744.3
V5000_D20.000000,5000,50000,20,COMPLETED,Boruvka_Parallel_2threads,5.9451,0,33744.3
V5000_D20.000000,5000,50000,20,COMPLETED,Boruvka_Parallel_4threads,6.0465,0,33744.3
V10000_D0.010000,10000,499950,0.01,COMPLETED,Kruskal,34.6164,8040,22091.8
V10000_D0.010000,10000,499950,0.01,COMPLETED,Prim_BinaryHeap,11.1295,1272,22091.8
V10000_D0.010000,10000,499950,0.01,COMPLETED,KKT,915.163,36444,22091.8
V10000_D0.010000,10000,499950,0.01,COMPLETED,Boruvka_Parallel_2threads,47.1438,8,22091.8
V10000_D0.010000,10000,499950,0.01,COMPLETED,Boruvka_Parallel_4threads,31.0278,0,22091.8
V10000_D0.020000,10000,999900,0.02,COMPLETED,Kruskal,70.9774,15820,15888.8
V10000_D0.020000,10000,999900,0.02,COMPLETED,Prim_BinaryHeap,16.2896,1364,15888.8
V10000_D0.020000,10000,999900,0.02,COMPLETED,KKT,1624.04,64692,15888.8
V10000_D0.020000,10000,999900,0.02,COMPLETED,Boruvka_Parallel_2threads,82.2419,8,15888.8
V10000_D0.020000,10000,999900,0.02,COMPLETED,Boruvka_Parallel_4threads,53.6518,0,15888.8
V10000_D0.050000,10000,2499750,0.05,COMPLETED,Kruskal,186.497,39324,12369.1
V10000_D0.050000,10000,2499750,0.05,COMPLETED,Prim_BinaryHeap,25.7185,1524,12369.1
V10000_D0.050000,10000,2499750,0.05,COMPLETED,KKT,4395.72,70444,12369.1
V10000_D0.050000,10000,2499750,0.05,COMPLETED,Boruvka_Parallel_2threads,184.889,96,12369.1
V10000_D0.050000,10000,2499750,0.05,COMPLETED,Boruvka_Parallel_4threads,122.912,0,12369.1
V10000_D0.100000,10000,4999500,0.1,COMPLETED,Kruskal,453.455,78284,11187.3
V10000_D0.100000,10000,4999500,0.1,COMPLETED,Prim_BinaryHeap,48.7063,1604,11187.3
V10000_D0.100000,10000,4999500,0.1,COMPLETED,KKT,8335.54,133272,11187.3
V10000_D0.100000,10000,4999500,0.1,COMPLETED,Boruvka_Parallel_2threads,385.143,0,11187.3
V10000_D0.100000,10000,4999500,0.1,COMPLETED,Boruvka_Parallel_4threads,304.833,0,11187.3
V10000_D0.200000,10000,9999000,0.2,COMPLETED,Kruskal,941.169,156436,10588
V10000_D0.200000,10000,9999000,0.2,COMPLETED,Prim_BinaryHeap,94.2835,1724,10588
V10000_D0.200000,10000,9999000,0.2,COMPLETED,KKT,17922.5,244804,10588
V10000_D0.200000,10000,9999000,0.2,COMPLETED,Boruvka_Parallel_2threads,745.119,4,10588
V10000_D0.200000,10000,9999000,0.2,COMPLETED,Boruvka_Parallel_4threads,591.174,0,10588
V20000_D0.010000,20000,1999900,0.01,COMPLETED,Kruskal,157.856,31876,31825.3
V20000_D0.010000,20000,1999900,0.01,COMPLETED,Prim_BinaryHeap,35.9908,1732,31825.3
V20000_D0.010000,20000,1999900,0.01,COMPLETED,KKT,6237.75,135912,31825.3
V20000_D0.010000,20000,1999900,0.01,COMPLETED,Boruvka_Parallel_2threads,160.835,8,31825.3
V20000_D0.010000,20000,1999900,0.01,COMPLETED,Boruvka_Parallel_4threads,117.889,0,31825.6
V20000_D0.020000,20000,3999800,0.02,COMPLETED,Kruskal,328.729,63160,25945.5
V20000_D0.020000,20000,3999800,0.02,COMPLETED,Prim_BinaryHeap,54.6262,2212,25945.5
V20000_D0.020000,20000,3999800,0.02,COMPLETED,KKT,11788.2,112240,25945.5
V20000_D0.020000,20000,3999800,0.02,COMPLETED,Boruvka_Parallel_2threads,386.854,0,25945.5
V20000_D0.020000,20000,3999800,0.02,COMPLETED,Boruvka_Parallel_4threads,275.046,0,25945.5
V20000_D0.050000,20000,9999500,0.05,COMPLETED,Kruskal,945.501,156876,22369.4
V20000_D0.050000,20000,9999500,0.05,COMPLETED,Prim_BinaryHeap,110.547,2172,22369.4
V20000_D0.050000,20000,9999500,0.05,COMPLETED,KKT,26698.4,290668,22369.4
V20000_D0.050000,20000,9999500,0.05,COMPLETED,Boruvka_Parallel_2threads,869.149,68,22369.4
V20000_D0.050000,20000,9999500,0.05,COMPLETED,Boruvka_Parallel_4threads,586.37,0,22369.4
V20000_D0.100000,20000,19999000,0.1,COMPLETED,Kruskal,1699.7,313112,21179.3
V20000_D0.100000,20000,19999000,0.1,COMPLETED,Prim_BinaryHeap,170.408,2344,21179.3
V20000_D0.100000,20000,19999000,0.1,COMPLETED,KKT,86453,532360,21179.3
V20000_D0.100000,20000,19999000,0.1,COMPLETED,Boruvka_Parallel_2threads,3421.9,4,21179.3
V20000_D0.100000,20000,19999000,0.1,COMPLETED,Boruvka_Parallel_4threads,2133.45,0,21179.3
V50000_D0.010000,50000,49999,0.01,COMPLETED,Kruskal,16.8512,3592,2.52459e+06
V50000_D0.010000,50000,49999,0.01,COMPLETED,Prim_BinaryHeap,2.7366,1252,2.52459e+06
V50000_D0.010000,50000,49999,0.01,COMPLETED,KKT,2255.31,11784,2.52459e+06
V50000_D0.010000,50000,49999,0.01,COMPLETED,Boruvka_Parallel_2threads,50.3746,1396,2.52459e+06
V50000_D0.010000,50000,49999,0.01,COMPLETED,Boruvka_Parallel_4threads,29.1693,920,2.52459e+06
