Experiment,Vertices,Density,Algorithm,Time(ms),Memory(KB),Weight
V100_D0.100000,100,0.1,Kruskal,0.0461,8,1179.21
V100_D0.100000,100,0.1,Prim_BinaryHeap,0.0432,32,1179.21
V100_D0.100000,100,0.1,KKT,0.2662,76,1179.21
V100_D0.100000,100,0.1,Boruvka_Parallel_2threads,1.2453,104,1179.21
V100_D0.100000,100,0.1,Boruvka_Parallel_4threads,1.0573,0,1179.21
V100_D0.500000,100,0.5,Kruskal,0.1297,36,331.831
V100_D0.500000,100,0.5,Prim_BinaryHeap,0.0571,4,331.831
V100_D0.500000,100,0.5,KKT,0.6446,144,331.831
V100_D0.500000,100,0.5,Boruvka_Parallel_2threads,0.6353,0,331.831
V100_D0.500000,100,0.5,Boruvka_Parallel_4threads,1.4461,0,331.831
V100_D2.000000,100,2,Kruskal,0.0074,0,5319.82
V100_D2.000000,100,2,Prim_BinaryHeap,0.0085,0,5319.82
V100_D2.000000,100,2,KKT,0.0428,4,5319.82
V100_D2.000000,100,2,Boruvka_Parallel_2threads,0.3896,0,5319.82
V100_D2.000000,100,2,Boruvka_Parallel_4threads,0.7141,0,5319.82
V500_D0.100000,500,0.1,Kruskal,1.0335,32,1642.62
V500_D0.100000,500,0.1,Prim_BinaryHeap,0.3875,24,1642.62
V500_D0.100000,500,0.1,KKT,5.5604,344,1642.62
V500_D0.100000,500,0.1,Boruvka_Parallel_2threads,2.0467,24,1642.62
V500_D0.100000,500,0.1,Boruvka_Parallel_4threads,1.7741,28,1642.62
V500_D0.500000,500,0.5,Kruskal,4.5272,1008,742.707
V500_D0.500000,500,0.5,Prim_BinaryHeap,1.0027,40,742.707
V500_D0.500000,500,0.5,KKT,17.6734,1664,742.707
V500_D0.500000,500,0.5,Boruvka_Parallel_2threads,6.13,12,742.707
V500_D0.500000,500,0.5,Boruvka_Parallel_4threads,6.0192,4,742.707
V500_D2.000000,500,2,Kruskal,0.0377,0,24757.3
V500_D2.000000,500,2,Prim_BinaryHeap,0.0371,0,24757.3
V500_D2.000000,500,2,KKT,0.2401,60,24757.3
V500_D2.000000,500,2,Boruvka_Parallel_2threads,1.1364,0,24757.3
V500_D2.000000,500,2,Boruvka_Parallel_4threads,0.8908,4,24757.3
V1000_D0.100000,1000,0.1,Kruskal,2.8361,784,2262.29
V1000_D0.100000,1000,0.1,Prim_BinaryHeap,1.1889,64,2262.29
V1000_D0.100000,1000,0.1,KKT,22.5884,1240,2262.29
V1000_D0.100000,1000,0.1,Boruvka_Parallel_2threads,5.2838,4,2262.29
V1000_D0.100000,1000,0.1,Boruvka_Parallel_4threads,4.0952,12,2263.2
V1000_D0.500000,1000,0.5,Kruskal,18.9295,3944,1242.62
V1000_D0.500000,1000,0.5,Prim_BinaryHeap,3.885,184,1242.62
V1000_D0.500000,1000,0.5,KKT,96.2135,6544,1242.62
V1000_D0.500000,1000,0.5,Boruvka_Parallel_2threads,12.1178,0,1242.7
V1000_D0.500000,1000,0.5,Boruvka_Parallel_4threads,13.4865,0,1242.62
V1000_D2.000000,1000,2,Kruskal,0.0629,0,50566
V1000_D2.000000,1000,2,Prim_BinaryHeap,0.0731,0,50566
V1000_D2.000000,1000,2,KKT,0.5754,136,50566
V1000_D2.000000,1000,2,Boruvka_Parallel_2threads,0.9935,32,50566
V1000_D2.000000,1000,2,Boruvka_Parallel_4threads,1.3513,16,50566
V2000_D0.100000,2000,0.1,Kruskal,13.9714,3148,3155.09
V2000_D0.100000,2000,0.1,Prim_BinaryHeap,3.0484,284,3155.09
V2000_D0.100000,2000,0.1,KKT,111.794,5476,3155.09
V2000_D0.100000,2000,0.1,Boruvka_Parallel_2threads,12.7693,8,3155.09
V2000_D0.100000,2000,0.1,Boruvka_Parallel_4threads,13.2702,4,3155.7
V2000_D0.500000,2000,0.5,Kruskal,69.4677,15656,2243.51
V2000_D0.500000,2000,0.5,Prim_BinaryHeap,9.4491,404,2243.51
V2000_D0.500000,2000,0.5,KKT,430.654,21736,2243.51
V2000_D0.500000,2000,0.5,Boruvka_Parallel_2threads,67.8408,16,2243.51
V2000_D0.500000,2000,0.5,Boruvka_Parallel_4threads,50.4633,0,2243.51
V2000_D2.000000,2000,2,Kruskal,0.2068,20,101341
V2000_D2.000000,2000,2,Prim_BinaryHeap,0.2118,4,101341
V2000_D2.000000,2000,2,KKT,1.8295,308,101341
V2000_D2.000000,2000,2,Boruvka_Parallel_2threads,1.0362,104,101341
V2000_D2.000000,2000,2,Boruvka_Parallel_4threads,1.5248,40,101341
